ticker,name,keyword,holdingQty,buyPrice,snapshotDate
005930,삼성전자,삼성전자,433122155,53200,2024-12-31
000660,SK하이닉스,SK하이닉스,54989405,173900,2024-12-31
373220,LG에너지솔루션,LG에너지솔루션,14858161,348000,2024-12-31
207940,삼성바이오로직스,삼성바이오로직스,3345163,1396685,2024-12-31
005380,현대차,현대차,15815650,212000,2024-12-31
000270,기아,기아,28390274,100700,2024-12-31
035420,NAVER,NAVER,14144762,198900,2024-12-31
068270,셀트리온,셀트리온,15295339,180602,2024-12-31
105560,KB금융,KB금융,33058306,82900,2024-12-31
055550,신한지주,신한지주,43119895,47650,2024-12-31
012330,현대모비스,현대모비스,8430061,236500,2024-12-31
329180,HD현대중공업,HD현대중공업,5856327,287500,2024-12-31
005490,POSCO홀딩스,POSCO홀딩스,6164861,253500,2024-12-31
086790,하나금융지주,하나금융지주,26550549,56800,2024-12-31
028260,삼성물산,삼성물산,12936980,114800,2024-12-31
051910,LG화학,LG화학,5818468,250000,2024-12-31
032830,삼성생명,삼성생명,14135130,94800,2024-12-31
138040,메리츠금융지주,메리츠금융지주,12672627,104000,2024-12-31
006400,삼성SDI,삼성SDI,5199252,242310,2024-12-31
012450,한화에어로스페이스,한화에어로스페이스,3441040,321506,2024-12-31
009540,HD한국조선해양,HD한국조선해양,4641594,228000,2024-12-31
267260,HD현대일렉트릭,HD현대일렉트릭,2763380,382000,2024-12-31
017670,SK텔레콤,SK텔레콤,18903868,55200,2024-12-31
066570,LG전자,LG전자,12423626,83500,2024-12-31
035720,카카오,카카오,26689904,38200,2024-12-31
259960,크래프톤,크래프톤,3204379,312500,2024-12-31
096770,SK이노베이션,SK이노베이션,8933597,112000,2024-12-31
009150,삼성전기,삼성전기,7583396,123800,2024-12-31
018260,삼성에스디에스,삼성에스디에스,7282432,127800,2024-12-31
086280,현대글로비스,현대글로비스,7517328,118100,2024-12-31
034020,두산에너빌리티,두산에너빌리티,47031180,17550,2024-12-31
010140,삼성중공업,삼성중공업,72424574,11300,2024-12-31
010130,고려아연,고려아연,812273,1006000,2024-12-31
011200,HMM,HMM,44958978,17660,2024-12-31
316140,우리금융지주,우리금융지주,50800368,15370,2024-12-31
402340,SK스퀘어,SK스퀘어,9753327,79300,2024-12-31
003490,대한항공,대한항공,34053185,22600,2024-12-31
003550,LG,LG,10581228,72000,2024-12-31
034730,SK,SK,5523113,131500,2024-12-31
000100,유한양행,유한양행,5843349,119500,2024-12-31
042660,한화오션,한화오션,18047215,37350,2024-12-31
024110,기업은행,기업은행,43371686,14330,2024-12-31
352820,하이브,하이브,3130438,193400,2024-12-31
003670,포스코퓨처엠,포스코퓨처엠,4298602,137739,2024-12-31
323410,카카오뱅크,카카오뱅크,27459112,21050,2024-12-31
005830,DB손해보험,DB손해보험,5224603,102800,2024-12-31
267250,HD현대,HD현대,6581573,79200,2024-12-31
016360,삼성증권,삼성증권,11934175,43500,2024-12-31
443060,HD현대마린솔루션,HD현대마린솔루션,3043555,161400,2024-12-31
003230,삼양식품,삼양식품,639184,765000,2024-12-31
097950,CJ제일제당,CJ제일제당,1883672,255500,2024-12-31
079550,LIG넥스원,LIG넥스원,2135309,220500,2024-12-31
047810,한국항공우주,한국항공우주,8283107,54900,2024-12-31
298040,효성중공업,효성중공업,1146680,393000,2024-12-31
042700,한미반도체,한미반도체,5385952,82500,2024-12-31
064350,현대로템,현대로템,8800082,49700,2024-12-31
051900,LG생활건강,LG생활건강,1404654,305000,2024-12-31
271560,오리온,오리온,4164543,102400,2024-12-31
010950,S-Oil,S-Oil,7715067,54800,2024-12-31
071050,한국금융지주,한국금융지주,5847590,71300,2024-12-31
047050,포스코인터내셔널,포스코인터내셔널,10403310,39650,2024-12-31
005940,NH투자증권,NH투자증권,28310147,13950,2024-12-31
006260,LS,LS,4167668,94300,2024-12-31
090430,아모레퍼시픽,아모레퍼시픽,3716442,104800,2024-12-31
039490,키움증권,키움증권,3324858,116200,2024-12-31
128940,한미약품,한미약품,1359414,280500,2024-12-31
272210,한화시스템,한화시스템,16190871,22600,2024-12-31
000150,두산,두산,1417976,255000,2024-12-31
196170,알테오젠,알테오젠,1167900,309500,2024-12-31
001040,CJ,CJ,3629869,99100,2024-12-31
161390,한국타이어앤테크놀로지,한국타이어앤테크놀로지,8809806,38400,2024-12-31
021240,코웨이,코웨이,4943614,66900,2024-12-31
011070,LG이노텍,LG이노텍,2041366,162000,2024-12-31
036570,엔씨소프트,엔씨소프트,1779656,183100,2024-12-31
032640,LG유플러스,LG유플러스,30748497,10330,2024-12-31
241560,두산밥캣,두산밥캣,7345268,41900,2024-12-31
138930,BNK금융지주,BNK금융지주,29383976,10340,2024-12-31
029780,삼성카드,삼성카드,6969216,39450,2024-12-31
462870,시프트업,시프트업,4329426,63400,2024-12-31
078930,GS,GS,6848228,39300,2024-12-31
088980,맥쿼리인프라,맥쿼리인프라,24455822,10590,2024-12-31
006800,미래에셋증권,미래에셋증권,32172941,8030,2024-12-31
004370,농심,농심,682646,374000,2024-12-31
034220,LG디스플레이,LG디스플레이,27737766,9130,2024-12-31
180640,한진칼,한진칼,3192146,75400,2024-12-31
036460,한국가스공사,한국가스공사,6803266,34700,2024-12-31
307950,현대오토에버,현대오토에버,1829075,126100,2024-12-31
251270,넷마블,넷마블,4429419,51700,2024-12-31
192820,코스맥스,코스맥스,1521990,149100,2024-12-31
204320,HL만도,HL만도,5552122,40650,2024-12-31
028050,삼성E&A,삼성E&A,13607900,16550,2024-12-31
006280,녹십자,녹십자,1239039,179500,2024-12-31
030000,제일기획,제일기획,13075222,16950,2024-12-31
004020,현대제철,현대제철,10290542,21050,2024-12-31
035250,강원랜드,강원랜드,13529127,15970,2024-12-31
000720,현대건설,현대건설,8341379,25400,2024-12-31
011790,SKC,SKC,2015789,105100,2024-12-31
000120,CJ대한통운,CJ대한통운,2481224,84400,2024-12-31
009420,한올바이오파마,한올바이오파마,5369796,38650,2024-12-31
450080,에코프로머티,에코프로머티,3147647,65800,2024-12-31
175330,JB금융지주,JB금융지주,12490505,16280,2024-12-31
082740,한화엔진,한화엔진,10591355,18440,2024-12-31
111770,영원무역,영원무역,4429796,42400,2024-12-31
051600,한전KPS,한전KPS,4230368,44100,2024-12-31
066970,엘앤에프,엘앤에프,2299129,81000,2024-12-31
377300,카카오페이,카카오페이,7033663,26250,2024-12-31
012510,더존비즈온,더존비즈온,2801164,63700,2024-12-31
139480,이마트,이마트,2790233,63400,2024-12-31
302440,SK바이오사이언스,SK바이오사이언스,3431003,50400,2024-12-31
112610,씨에스윈드,씨에스윈드,3933999,41900,2024-12-31
052690,한전기술,한전기술,3103928,53000,2024-12-31
454910,두산로보틱스,두산로보틱스,3125394,52300,2024-12-31
069620,대웅제약,대웅제약,1291243,126400,2024-12-31
009830,한화솔루션,한화솔루션,10103559,16120,2024-12-31
141080,리가켐바이오,리가켐바이오,1483929,109000,2024-12-31
001450,현대해상,현대해상,6480391,24700,2024-12-31
278470,에이피알,에이피알,3147062,50000,2024-12-31
161890,한국콜마,한국콜마,2805515,55100,2024-12-31
011170,롯데케미칼,롯데케미칼,2488927,59800,2024-12-31
058470,리노공업,리노공업,3849645,38364,2024-12-31
383220,F&F,F&F,2127355,54300,2024-12-31
294870,HDC현대산업개발,HDC현대산업개발,6449442,18050,2024-12-31
012750,에스원,에스원,1621316,59200,2024-12-31
007660,이수페타시스,이수페타시스,1218120,26598,2024-12-31
375500,DL이앤씨,DL이앤씨,2852958,32150,2024-12-31
282330,BGF리테일,BGF리테일,1148770,102500,2024-12-31
004170,신세계,신세계,379470,133000,2024-12-31
022100,포스코DX,포스코DX,3809719,19080,2024-12-31
006360,GS건설,GS건설,6096785,17350,2024-12-31
008930,한미사이언스,한미사이언스,3161585,29450,2024-12-31
004990,롯데지주,롯데지주,3681607,21800,2024-12-31
000880,한화,한화,870355,26900,2024-12-31
028300,HLB,HLB,2219254,73100,2024-12-31
028670,팬오션,팬오션,19330288,3300,2024-12-31
018880,한온시스템,한온시스템,28650865,3727,2024-12-31
003690,코리안리,코리안리,8817387,7950,2024-12-31
214450,파마리서치,파마리서치,357463,262500,2024-12-31
001440,대한전선,대한전선,3634303,11150,2024-12-31
103140,풍산,풍산,884179,49950,2024-12-31
007070,GS리테일,GS리테일,5476885,16500,2024-12-31
088350,한화생명,한화생명,23833772,2460,2024-12-31
005850,에스엘,에스엘,1659419,30150,2024-12-31
103590,일진전기,일진전기,1340320,27250,2024-12-31
014680,한솔케미칼,한솔케미칼,350087,97000,2024-12-31
001120,LX인터내셔널,LX인터내셔널,2508879,27050,2024-12-31
069960,현대백화점,현대백화점,1043682,47250,2024-12-31
062040,산일전기,산일전기,688574,68600,2024-12-31
000990,DB하이텍,DB하이텍,1128242,33150,2024-12-31
247540,에코프로비엠,에코프로비엠,510698,109900,2024-12-31
185750,종근당,종근당,1085149,89000,2024-12-31
023530,롯데쇼핑,롯데쇼핑,942962,54100,2024-12-31
009450,경동나비엔,경동나비엔,1575431,87800,2024-12-31
257720,실리콘투,실리콘투,2354114,32700,2024-12-31
145020,휴젤,휴젤,360838,280500,2024-12-31
035900,JYP Ent.,JYP Ent.,1416387,69900,2024-12-31
007310,오뚜기,오뚜기,234639,395500,2024-12-31
298380,에이비엘바이오,에이비엘바이오,485594,29900,2024-12-31
010060,OCI홀딩스,OCI홀딩스,594720,58800,2024-12-31
000080,하이트진로,하이트진로,5068722,19520,2024-12-31
004000,롯데정밀화학,롯데정밀화학,1729324,39350,2024-12-31
087010,펩트론,펩트론,328001,101800,2024-12-31
192080,더블유게임즈,더블유게임즈,1613929,53900,2024-12-31
001680,대상,대상,3771783,19190,2024-12-31
003030,세아제강지주,세아제강지주,587401,180500,2024-12-31
361610,SK아이이테크놀로지,SK아이이테크놀로지,3241022,22550,2024-12-31
089030,테크윙,테크윙,1560503,38450,2024-12-31
005070,코스모신소재,코스모신소재,1512641,51500,2024-12-31
011210,현대위아,현대위아,803570,37800,2024-12-31
280360,롯데웰푸드,롯데웰푸드,615880,111600,2024-12-31
241710,코스메카코리아,코스메카코리아,962015,55300,2024-12-31
039130,하나투어,하나투어,1623395,54300,2024-12-31
047040,대우건설,대우건설,8173914,3105,2024-12-31
298020,효성티앤씨,효성티앤씨,186142,239000,2024-12-31
008770,호텔신라,호텔신라,1565017,36900,2024-12-31
248070,솔루엠,솔루엠,3886889,19210,2024-12-31
004490,세방전지,세방전지,1067421,71900,2024-12-31
000210,DL,DL,1412751,31600,2024-12-31
041510,에스엠,에스엠,632314,75600,2024-12-31
000240,한국앤컴퍼니,한국앤컴퍼니,2287208,16920,2024-12-31
086520,에코프로,에코프로,397762,56408,2024-12-31
214320,이노션,이노션,3259549,19390,2024-12-31
214150,클래시스,클래시스,1153604,47650,2024-12-31
000640,동아쏘시오홀딩스,동아쏘시오홀딩스,548752,106662,2024-12-31
089860,롯데렌탈,롯데렌탈,1896911,29950,2024-12-31
014820,동원시스템즈,동원시스템즈,2449240,40300,2024-12-31
003090,대웅,대웅,2415596,21600,2024-12-31
195940,HK이노엔,HK이노엔,1190429,35850,2024-12-31
020150,롯데에너지머티리얼즈,롯데에너지머티리얼즈,1540790,23600,2024-12-31
009240,한샘,한샘,1335349,47550,2024-12-31
018670,SK가스,SK가스,234311,207000,2024-12-31
108320,LX세미콘,LX세미콘,1145805,56900,2024-12-31
105630,한세실업,한세실업,4447131,14170,2024-12-31
007340,DN오토모티브,DN오토모티브,2297682,18330,2024-12-31
328130,루닛,루닛,1572291,63800,2024-12-31
237690,에스티팜,에스티팜,388778,88900,2024-12-31
353200,대덕전자,대덕전자,974901,15500,2024-12-31
005250,녹십자홀딩스,녹십자홀딩스,3630326,17320,2024-12-31
137310,에스디바이오센서,에스디바이오센서,6818969,10280,2024-12-31
336260,두산퓨얼셀,두산퓨얼셀,1411785,15960,2024-12-31
009970,영원무역홀딩스,영원무역홀딩스,223596,83200,2024-12-31
039030,이오테크닉스,이오테크닉스,126927,139200,2024-12-31
100090,SK오션플랜트,SK오션플랜트,2911658,12870,2024-12-31
001800,오리온홀딩스,오리온홀딩스,2235234,15060,2024-12-31
077970,STX엔진,STX엔진,1621589,20100,2024-12-31
365550,ESR켄달스퀘어리츠,ESR켄달스퀘어리츠,12059927,4231,2024-12-31
395400,SK리츠,SK리츠,8634795,4425,2024-12-31
298050,HS효성첨단소재,HS효성첨단소재,216859,174600,2024-12-31
114090,GKL,GKL,3820636,11040,2024-12-31
001740,SK네트웍스,SK네트웍스,8778842,4150,2024-12-31
229640,LS에코에너지,LS에코에너지,1084631,31000,2024-12-31
145720,덴티움,덴티움,995125,62200,2024-12-31
001430,세아베스틸지주,세아베스틸지주,701131,19760,2024-12-31
003530,한화투자증권,한화투자증권,6121521,3360,2024-12-31
023590,다우기술,다우기술,891283,17870,2024-12-31
004800,효성,효성,290558,46900,2024-12-31
056190,에스에프에이,에스에프에이,1406930,19500,2024-12-31
120110,코오롱인더,코오롱인더,653152,27150,2024-12-31
090460,비에이치,비에이치,2450141,17370,2024-12-31
285130,SK케미칼,SK케미칼,676244,44300,2024-12-31
064960,SNT모티브,SNT모티브,1212767,22204,2024-12-31
095340,ISC,ISC,228861,72100,2024-12-31
078600,대주전자재료,대주전자재료,441464,74800,2024-12-31
003850,보령,보령,4165050,10290,2024-12-31
140860,파크시스템스,파크시스템스,145262,211500,2024-12-31
026960,동서,동서,1511305,27350,2024-12-31
000250,삼천당제약,삼천당제약,53744,148500,2024-12-31
181710,NHN,NHN,1102980,17650,2024-12-31
006650,대한유화,대한유화,244152,77700,2024-12-31
014620,성광벤드,성광벤드,1164857,23250,2024-12-31
058970,엠로,엠로,1026044,64500,2024-12-31
281820,케이씨텍,케이씨텍,856737,26050,2024-12-31
002350,넥센타이어,넥센타이어,4645975,6010,2024-12-31
067160,SOOP,SOOP,573624,90900,2024-12-31
170900,동아에스티,동아에스티,778804,57676,2024-12-31
122870,와이지엔터테인먼트,와이지엔터테인먼트,569729,45800,2024-12-31
499790,GS피앤엘,GS피앤엘,778808,22200,2024-12-31
071970,HD현대마린엔진,HD현대마린엔진,453116,24450,2024-12-31
178920,PI첨단소재,PI첨단소재,1917812,16890,2024-12-31
403870,HPSP,HPSP,849726,26050,2024-12-31
089590,제주항공,제주항공,6517942,7500,2024-12-31
357780,솔브레인,솔브레인,82928,165400,2024-12-31
018290,브이티,브이티,2212296,40000,2024-12-31
064760,티씨케이,티씨케이,165753,70900,2024-12-31
010780,아이에스동서,아이에스동서,1182460,20900,2024-12-31
034120,SBS,SBS,1946994,22150,2024-12-31
002710,TCC스틸,TCC스틸,2421440,27200,2024-12-31
241590,화승엔터프라이즈,화승엔터프라이즈,6585240,8650,2024-12-31
319660,피에스케이,피에스케이,557834,16500,2024-12-31
213420,덕산네오룩스,덕산네오룩스,837839,27750,2024-12-31
456040,OCI,OCI,395890,58500,2024-12-31
003540,대신증권,대신증권,786022,16070,2024-12-31
074600,원익QnC,원익QnC,1084419,17820,2024-12-31
005880,대한해운,대한해운,11182413,1674,2024-12-31
300720,한일시멘트,한일시멘트,1800309,14520,2024-12-31
240810,원익IPS,원익IPS,253769,22350,2024-12-31
032350,롯데관광개발,롯데관광개발,1414884,7650,2024-12-31
001060,JW중외제약,JW중외제약,909717,24000,2024-12-31
310210,보로노이,보로노이,92547,80000,2024-12-31
014830,유니드,유니드,379409,72300,2024-12-31
003620,KG모빌리티,KG모빌리티,7895440,4035,2024-12-31
131970,두산테스나,두산테스나,469326,25000,2024-12-31
082640,동양생명,동양생명,4096128,4490,2024-12-31
000070,삼양홀딩스,삼양홀딩스,387910,43708,2024-12-31
336370,솔루스첨단소재,솔루스첨단소재,3372267,8200,2024-12-31
012630,HDC,HDC,1094348,11910,2024-12-31
195870,해성디에스,해성디에스,461848,23400,2024-12-31
020560,아시아나항공,아시아나항공,3765479,10400,2024-12-31
005420,코스모화학,코스모화학,1774682,15300,2024-12-31
086450,동국제약,동국제약,1388357,16520,2024-12-31
005290,동진쎄미켐,동진쎄미켐,511627,20900,2024-12-31
086900,메디톡스,메디톡스,212717,124800,2024-12-31
079160,CJ CGV,CJ CGV,5025012,5290,2024-12-31
009410,태영건설,태영건설,14485183,2410,2024-12-31
085620,미래에셋생명,미래에셋생명,2091872,5270,2024-12-31
101490,에스앤에스텍,에스앤에스텍,267495,25600,2024-12-31
009900,명신산업,명신산업,2530040,10310,2024-12-31
100840,SNT에너지,SNT에너지,579376,23900,2024-12-31
272450,진에어,진에어,3748806,9620,2024-12-31
031980,피에스케이홀딩스,피에스케이홀딩스,282775,38050,2024-12-31
277810,레인보우로보틱스,레인보우로보틱스,29337,162700,2024-12-31
035760,CJ ENM,CJ ENM,362893,53700,2024-12-31
008730,율촌화학,율촌화학,966931,20700,2024-12-31
006040,동원산업,동원산업,585492,36950,2024-12-31
460860,동국제강,동국제강,2578436,8000,2024-12-31
084370,유진테크,유진테크,184391,31300,2024-12-31
016380,KG스틸,KG스틸,4073153,5530,2024-12-31
093370,후성,후성,3142972,4975,2024-12-31
352480,씨앤씨인터내셔널,씨앤씨인터내셔널,808381,45700,2024-12-31
017960,한국카본,한국카본,570447,11750,2024-12-31
119610,인터로조,인터로조,1303360,18000,2024-12-31
082270,젬백스,젬백스,542777,14800,2024-12-31
005180,빙그레,빙그레,288820,81400,2024-12-31
271940,일진하이솔루스,일진하이솔루스,1228674,16230,2024-12-31
006110,삼아알미늄,삼아알미늄,756154,33850,2024-12-31
030190,NICE평가정보,NICE평가정보,1327451,12180,2024-12-31
005440,현대지에프홀딩스,현대지에프홀딩스,1466266,4885,2024-12-31
073240,금호타이어,금호타이어,3275590,4775,2024-12-31
083650,비에이치아이,비에이치아이,241940,15440,2024-12-31
013030,하이록코리아,하이록코리아,591395,25150,2024-12-31
020000,한섬,한섬,938126,14710,2024-12-31
057050,현대홈쇼핑,현대홈쇼핑,261115,45400,2024-12-31
192650,드림텍,드림텍,2999874,7270,2024-12-31
348950,제이알글로벌리츠,제이알글로벌리츠,11236163,2755,2024-12-31
030520,한글과컴퓨터,한글과컴퓨터,971641,21150,2024-12-31
166090,하나머티리얼즈,하나머티리얼즈,350351,22950,2024-12-31
033500,동성화인텍,동성화인텍,699252,14920,2024-12-31
178320,서진시스템,서진시스템,475556,26850,2024-12-31
225570,넥슨게임즈,넥슨게임즈,1713263,13390,2024-12-31
036930,주성엔지니어링,주성엔지니어링,335483,29450,2024-12-31
226950,올릭스,올릭스,101311,19260,2024-12-31
121600,나노신소재,나노신소재,301202,58200,2024-12-31
263750,펄어비스,펄어비스,324430,27700,2024-12-31
009470,삼화전기,삼화전기,465894,31200,2024-12-31
023160,태광,태광,708541,17660,2024-12-31
006120,SK디스커버리,SK디스커버리,325499,38800,2024-12-31
284740,쿠쿠홈시스,쿠쿠홈시스,735545,20650,2024-12-31
060980,HL홀딩스,HL홀딩스,393386,34250,2024-12-31
453340,현대그린푸드,현대그린푸드,1173194,14440,2024-12-31
457190,이수스페셜티케미컬,이수스페셜티케미컬,172581,31450,2024-12-31
011760,현대코퍼레이션,현대코퍼레이션,664662,19110,2024-12-31
039440,에스티아이,에스티아이,506438,17450,2024-12-31
007690,국도화학,국도화학,470129,31600,2024-12-31
348370,엔켐,엔켐,267829,132900,2024-12-31
104830,원익머트리얼즈,원익머트리얼즈,380009,17240,2024-12-31
075580,세진중공업,세진중공업,924348,8440,2024-12-31
206640,바디텍메드,바디텍메드,1283124,16780,2024-12-31
078340,컴투스,컴투스,494187,46500,2024-12-31
000500,가온전선,가온전선,150735,54200,2024-12-31
112040,위메이드,위메이드,664944,35150,2024-12-31
272290,이녹스첨단소재,이녹스첨단소재,484483,20100,2024-12-31
253450,스튜디오드래곤,스튜디오드래곤,386292,43050,2024-12-31
189300,인텔리안테크,인텔리안테크,134613,37500,2024-12-31
003570,SNT다이내믹스,SNT다이내믹스,269977,18710,2024-12-31
183190,아세아시멘트,아세아시멘트,1229336,10280,2024-12-31
065350,신성델타테크,신성델타테크,225977,115900,2024-12-31
251970,펌텍코리아,펌텍코리아,301481,43500,2024-12-31
003160,디아이,디아이,452756,14480,2024-12-31
108670,LX하우시스,LX하우시스,481249,31900,2024-12-31
017810,풀무원,풀무원,1141535,10700,2024-12-31
000400,롯데손해보험,롯데손해보험,6626246,2015,2024-12-31
338220,뷰노,뷰노,773235,24200,2024-12-31
145990,삼양사,삼양사,269651,47600,2024-12-31
376300,디어유,디어유,374001,36050,2024-12-31
067310,하나마이크론,하나마이크론,380238,9240,2024-12-31
034230,파라다이스,파라다이스,694865,9600,2024-12-31
148150,세경하이테크,세경하이테크,2855782,8250,2024-12-31
001720,신영증권,신영증권,63279,76000,2024-12-31
001630,종근당홀딩스,종근당홀딩스,250351,47700,2024-12-31
306200,세아제강,세아제강,97341,120700,2024-12-31
358570,지아이이노베이션,지아이이노베이션,775259,7351,2024-12-31
000370,한화손해보험,한화손해보험,1720413,4030,2024-12-31
183300,코미코,코미코,118531,36600,2024-12-31
016580,환인제약,환인제약,1153660,11810,2024-12-31
071320,지역난방공사,지역난방공사,136668,41400,2024-12-31
068760,셀트리온제약,셀트리온제약,181568,55600,2024-12-31
093050,LF,LF,556787,15500,2024-12-31
053030,바이넥스,바이넥스,802798,18340,2024-12-31
215200,메가스터디교육,메가스터디교육,254022,43800,2024-12-31
381970,케이카,케이카,785441,12810,2024-12-31
017860,DS단석,DS단석,631528,30155,2024-12-31
036620,감성코퍼레이션,감성코퍼레이션,1987942,3080,2024-12-31
415640,KB발해인프라,KB발해인프라,1121002,7760,2024-12-31
017940,E1,E1,106504,68700,2024-12-31
126340,비나텍,비나텍,86443,27692,2024-12-31
330590,롯데리츠,롯데리츠,2369216,3050,2024-12-31
399720,가온칩스,가온칩스,171292,39100,2024-12-31
293940,신한알파리츠,신한알파리츠,1896609,5640,2024-12-31
213500,한솔제지,한솔제지,1233918,8610,2024-12-31
215000,골프존,골프존,199496,65400,2024-12-31
114840,아이패밀리에스씨,아이패밀리에스씨,841023,18690,2024-12-31
005090,SGC에너지,SGC에너지,219467,24700,2024-12-31
192400,쿠쿠홀딩스,쿠쿠홀딩스,360729,23000,2024-12-31
067630,HLB생명과학,HLB생명과학,2687330,10010,2024-12-31
084010,대한제강,대한제강,835084,11082,2024-12-31
340570,티앤엘,티앤엘,198081,66900,2024-12-31
265520,AP시스템,AP시스템,450287,15760,2024-12-31
059090,미코,미코,669379,8020,2024-12-31
029460,케이씨,케이씨,298669,16590,2024-12-31
031430,신세계인터내셔날,신세계인터내셔날,744963,10100,2024-12-31
004690,삼천리,삼천리,64018,88800,2024-12-31
383800,LX홀딩스,LX홀딩스,1077920,6860,2024-12-31
002310,아세아제지,아세아제지,890171,7300,2024-12-31
000670,영풍,영풍,149730,37406,2024-12-31
122990,와이솔,와이솔,1312407,5100,2024-12-31
095610,테스,테스,128451,15500,2024-12-31
095660,네오위즈,네오위즈,336079,18890,2024-12-31
002030,아세아,아세아,30598,251500,2024-12-31
174900,앱클론,앱클론,136551,14120,2024-12-31
393890,더블유씨피,더블유씨피,912593,11090,2024-12-31
035150,백산,백산,627114,13160,2024-12-31
161000,애경케미칼,애경케미칼,817608,6830,2024-12-31
039200,오스코텍,오스코텍,147138,24350,2024-12-31
131290,티에스이,티에스이,91800,41250,2024-12-31
029530,신도리코,신도리코,143326,37500,2024-12-31
005810,풍산홀딩스,풍산홀딩스,194317,25850,2024-12-31
038290,마크로젠,마크로젠,452263,16480,2024-12-31
042000,카페24,카페24,255436,33900,2024-12-31
003240,태광산업,태광산업,6000,607000,2024-12-31
005610,SPC삼립,SPC삼립,146118,50300,2024-12-31
004430,송원산업,송원산업,830424,11190,2024-12-31
082920,비츠로셀,비츠로셀,362029,10673,2024-12-31
099320,쎄트렉아이,쎄트렉아이,41865,40050,2024-12-31
137400,피엔티,피엔티,150789,37850,2024-12-31
214430,아이쓰리시스템,아이쓰리시스템,67065,45000,2024-12-31
083450,GST,GST,246063,16740,2024-12-31
210540,디와이파워,디와이파워,509126,11080,2024-12-31
357120,코람코라이프인프라리츠,코람코라이프인프라리츠,1603501,4085,2024-12-31
403550,쏘카,쏘카,625818,18200,2024-12-31
200880,서연이화,서연이화,469998,11770,2024-12-31
099190,아이센스,아이센스,310509,15270,2024-12-31
322510,제이엘케이,제이엘케이,948650,8150,2024-12-31
098460,고영,고영,226959,8110,2024-12-31
348210,넥스틴,넥스틴,84887,51100,2024-12-31
005690,파미셀,파미셀,459263,8280,2024-12-31
013890,지누스,지누스,563356,23600,2024-12-31
096530,씨젠,씨젠,271269,22800,2024-12-31
194370,제이에스코퍼레이션,제이에스코퍼레이션,528880,7075,2024-12-31
194480,데브시스터즈,데브시스터즈,172935,27700,2024-12-31
200670,휴메딕스,휴메딕스,169603,42250,2024-12-31
053800,안랩,안랩,107373,66200,2024-12-31
281740,레이크머티리얼즈,레이크머티리얼즈,304369,10960,2024-12-31
091810,티웨이항공,티웨이항공,5063171,2286,2024-12-31
239890,피엔에이치테크,피엔에이치테크,1318948,7800,2024-12-31
000490,대동,대동,613898,9220,2024-12-31
015750,성우하이텍,성우하이텍,785096,4965,2024-12-31
017370,우신시스템,우신시스템,1021011,5700,2024-12-31
126720,수산인더스트리,수산인더스트리,241275,19410,2024-12-31
107640,한중엔시에스,한중엔시에스,124184,23650,2024-12-31
002320,한진,한진,307677,19010,2024-12-31
004360,세방,세방,398465,11160,2024-12-31
002960,한국쉘석유,한국쉘석유,11170,318500,2024-12-31
104700,한국철강,한국철강,630087,8380,2024-12-31
093320,케이아이엔엑스,케이아이엔엑스,54382,76500,2024-12-31
295310,에이치브이엠,에이치브이엠,80384,24500,2024-12-31
218410,RFHIC,RFHIC,96595,13100,2024-12-31
053690,한미글로벌,한미글로벌,319671,16630,2024-12-31
033240,자화전자,자화전자,146572,11790,2024-12-31
293490,카카오게임즈,카카오게임즈,438659,16380,2024-12-31
441270,파인엠텍,파인엠텍,666596,5280,2024-12-31
072710,농심홀딩스,농심홀딩스,61800,63400,2024-12-31
036890,진성티이씨,진성티이씨,409840,8770,2024-12-31
031440,신세계푸드,신세계푸드,118708,36000,2024-12-31
005500,삼진제약,삼진제약,319742,18070,2024-12-31
010690,화신,화신,439097,6830,2024-12-31
110990,디아이티,디아이티,271159,12540,2024-12-31
484870,엠앤씨솔루션,엠앤씨솔루션,43155,42850,2024-12-31
115180,큐리언트,큐리언트,185655,4315,2024-12-31
122900,아이마켓코리아,아이마켓코리아,746356,8000,2024-12-31
036530,SNT홀딩스,SNT홀딩스,94383,22500,2024-12-31
091700,파트론,파트론,668939,6930,2024-12-31
105840,우진,우진,243713,6370,2024-12-31
049070,인탑스,인탑스,305364,16640,2024-12-31
002840,미원상사,미원상사,39544,188000,2024-12-31
264450,유비쿼스,유비쿼스,459592,8000,2024-12-31
043370,피에이치에이,피에이치에이,420160,10060,2024-12-31
036200,유니셈,유니셈,531154,5890,2024-12-31
025770,한국정보통신,한국정보통신,660187,7840,2024-12-31
126560,현대퓨처넷,현대퓨처넷,1552836,3785,2024-12-31
031330,에스에이엠티,에스에이엠티,1044068,2605,2024-12-31
475150,SK이터닉스,SK이터닉스,197524,12050,2024-12-31
002810,삼영무역,삼영무역,253276,12730,2024-12-31
084110,휴온스글로벌,휴온스글로벌,82145,43250,2024-12-31
267980,매일유업,매일유업,130187,34750,2024-12-31
420770,기가비스,기가비스,68665,24550,2024-12-31
025000,KPX케미칼,KPX케미칼,94858,41363,2024-12-31
018250,애경산업,애경산업,330220,13220,2024-12-31
090350,노루페인트,노루페인트,570762,7940,2024-12-31
298000,효성화학,효성화학,126149,39600,2024-12-31
001570,금양,금양,493607,21200,2024-12-31
102710,이엔에프테크놀로지,이엔에프테크놀로지,85331,16820,2024-12-31
220100,퓨쳐켐,퓨쳐켐,220194,17310,2024-12-31
102260,동성케미컬,동성케미컬,1108770,3711,2024-12-31
079900,전진건설로봇,전진건설로봇,84249,35500,2024-12-31
058610,에스피지,에스피지,35139,23400,2024-12-31
214420,토니모리,토니모리,655894,6180,2024-12-31
003300,한일홀딩스,한일홀딩스,270615,14000,2024-12-31
268280,미원에스씨,미원에스씨,34268,149600,2024-12-31
039570,HDC랩스,HDC랩스,542530,8610,2024-12-31
008490,서흥,서흥,199155,12690,2024-12-31
002390,한독,한독,399023,12050,2024-12-31
034310,NICE,NICE,298956,10870,2024-12-31
383310,에코프로에이치엔,에코프로에이치엔,123342,32500,2024-12-31
019210,와이지-원,와이지-원,471892,5120,2024-12-31
004380,삼익THK,삼익THK,430414,8470,2024-12-31
363250,진시스템,진시스템,850739,8440,2024-12-31
024720,콜마홀딩스,콜마홀딩스,426224,6730,2024-12-31
100120,뷰웍스,뷰웍스,170659,21200,2024-12-31
006730,서부T&D,서부T&D,277365,5420,2024-12-31
051370,인터플렉스,인터플렉스,363004,9180,2024-12-31
305090,마이크로디지탈,마이크로디지탈,574135,9910,2024-12-31
003920,남양유업,남양유업,85401,58700,2024-12-31
065680,우주일렉트로,우주일렉트로,141372,16900,2024-12-31
053610,프로텍,프로텍,77946,21850,2024-12-31
206650,유바이오로직스,유바이오로직스,279179,12150,2024-12-31
322310,오로스테크놀로지,오로스테크놀로지,150516,16090,2024-12-31
003220,대원제약,대원제약,365984,14250,2024-12-31
417200,LS머트리얼즈,LS머트리얼즈,251889,11780,2024-12-31
115450,HLB테라퓨틱스,HLB테라퓨틱스,1425971,11155,2024-12-31
322000,HD현대에너지솔루션,HD현대에너지솔루션,40028,20200,2024-12-31
077500,유니퀘스트,유니퀘스트,628465,6650,2024-12-31
044450,KSS해운,KSS해운,314025,8760,2024-12-31
084690,대상홀딩스,대상홀딩스,401092,10180,2024-12-31
425040,티이엠씨,티이엠씨,441957,7830,2024-12-31
033100,제룡전기,제룡전기,75456,45950,2024-12-31
286940,롯데이노베이트,롯데이노베이트,171301,19370,2024-12-31
079960,동양이엔피,동양이엔피,127344,17930,2024-12-31
460850,동국씨엠,동국씨엠,644063,5950,2024-12-31
036420,콘텐트리중앙,콘텐트리중앙,555477,8800,2024-12-31
007460,에이프로젠,에이프로젠,10619632,776,2024-12-31
475400,씨메스,씨메스,112457,24000,2024-12-31
451800,한화리츠,한화리츠,744490,3480,2024-12-31
110790,크리스에프앤씨,크리스에프앤씨,882648,6020,2024-12-31
006890,태경케미컬,태경케미컬,488612,11220,2024-12-31
377450,리파인,리파인,303391,12820,2024-12-31
304100,솔트룩스,솔트룩스,155671,22350,2024-12-31
123860,아나패스,아나패스,230034,20600,2024-12-31
005430,한국공항,한국공항,56536,56800,2024-12-31
315640,딥노이드,딥노이드,1033371,5035,2024-12-31
052400,코나아이,코나아이,56965,27650,2024-12-31
000430,대원강업,대원강업,862990,3890,2024-12-31
290650,엘앤씨바이오,엘앤씨바이오,41031,24100,2024-12-31
007810,코리아써키트,코리아써키트,66735,9120,2024-12-31
144510,지씨셀,지씨셀,137578,23700,2024-12-31
089980,상아프론테크,상아프론테크,154231,18300,2024-12-31
003960,사조대림,사조대림,97691,40600,2024-12-31
008060,대덕,대덕,299529,6600,2024-12-31
140410,메지온,메지온,26098,30850,2024-12-31
243070,휴온스,휴온스,126872,27400,2024-12-31
204270,제이앤티씨,제이앤티씨,176186,18870,2024-12-31
077360,덕산하이메탈,덕산하이메탈,298476,3850,2024-12-31
108380,대양전기공업,대양전기공업,109095,12850,2024-12-31
377740,바이오노트,바이오노트,598364,4710,2024-12-31
347850,디앤디파마텍,디앤디파마텍,38530,12162,2024-12-31
097230,HJ중공업,HJ중공업,140343,5930,2024-12-31
389650,넥스트바이오메디컬,넥스트바이오메디컬,44581,41000,2024-12-31
009160,SIMPAC,SIMPAC,615456,3755,2024-12-31
002240,고려제강,고려제강,138700,17850,2024-12-31
243840,신흥에스이씨,신흥에스이씨,551133,5120,2024-12-31
232140,와이씨,와이씨,159662,10210,2024-12-31
007390,네이처셀,네이처셀,155799,21500,2024-12-31
487570,HS효성,HS효성,51281,29850,2024-12-31
030610,교보증권,교보증권,236760,5560,2024-12-31
097520,엠씨넥스,엠씨넥스,120553,19180,2024-12-31
263720,디앤씨미디어,디앤씨미디어,257363,21000,2024-12-31
003470,유안타증권,유안타증권,615795,2630,2024-12-31
222800,심텍,심텍,57903,11030,2024-12-31
126700,하이비젼시스템,하이비젼시스템,164881,17410,2024-12-31
015890,태경산업,태경산업,606799,4900,2024-12-31
272550,삼양패키징,삼양패키징,240606,16380,2024-12-31
060250,NHN KCP,NHN KCP,144272,7100,2024-12-31
123890,한국자산신탁,한국자산신탁,989736,2785,2024-12-31
092730,네오팜,네오팜,159133,11850,2024-12-31
001940,KISCO홀딩스,KISCO홀딩스,113327,19960,2024-12-31
453450,그리드위즈,그리드위즈,151538,16580,2024-12-31
088260,이리츠코크렙,이리츠코크렙,579237,4105,2024-12-31
068240,다원시스,다원시스,961805,9000,2024-12-31
025980,아난티,아난티,333091,5300,2024-12-31
003200,일신방직,일신방직,194147,7580,2024-12-31
064550,바이오니아,바이오니아,217081,18850,2024-12-31
036810,에프에스티,에프에스티,68813,15599,2024-12-31
101360,에코앤드림,에코앤드림,138241,21900,2024-12-31
025860,남해화학,남해화학,358367,6130,2024-12-31
009290,광동제약,광동제약,302361,5440,2024-12-31
078160,메디포스트,메디포스트,111624,11520,2024-12-31
400760,NH올원리츠,NH올원리츠,811996,3329,2024-12-31
418550,제이오,제이오,328042,13950,2024-12-31
069080,웹젠,웹젠,200577,13710,2024-12-31
475560,더본코리아,더본코리아,111272,32000,2024-12-31
016800,퍼시스,퍼시스,60967,40800,2024-12-31
060150,인선이엔티,인선이엔티,600618,5380,2024-12-31
290740,액트로,액트로,89336,5060,2024-12-31
025320,시노펙스,시노펙스,396895,5647,2024-12-31
034830,한국토지신탁,한국토지신탁,1613315,1000,2024-12-31
051360,토비스,토비스,164335,19950,2024-12-31
001500,현대차증권,현대차증권,201346,6653,2024-12-31
160190,하이젠알앤엠,하이젠알앤엠,38567,13400,2024-12-31
451760,컨텍,컨텍,143764,9920,2024-12-31
009580,무림P&P,무림P&P,961815,2835,2024-12-31
251370,와이엠티,와이엠티,180409,9790,2024-12-31
297090,씨에스베어링,씨에스베어링,366126,4375,2024-12-31
264900,크라운제과,크라운제과,275826,7790,2024-12-31
464080,에스오에스랩,에스오에스랩,139529,13480,2024-12-31
200130,콜마비앤에이치,콜마비앤에이치,179543,11550,2024-12-31
027410,BGF,BGF,546699,3450,2024-12-31
372320,큐로셀,큐로셀,43648,31050,2024-12-31
047560,이스트소프트,이스트소프트,164991,23150,2024-12-31
009680,모토닉,모토닉,214468,8440,2024-12-31
237880,클리오,클리오,184113,17200,2024-12-31
204620,글로벌텍스프리,글로벌텍스프리,491572,3405,2024-12-31
214370,케어젠,케어젠,17515,28800,2024-12-31
394280,오픈엣지테크놀로지,오픈엣지테크놀로지,152557,13930,2024-12-31
002170,삼양통상,삼양통상,37009,49700,2024-12-31
003000,부광약품,부광약품,431028,4195,2024-12-31
094360,칩스앤미디어,칩스앤미디어,127011,15720,2024-12-31
143240,사람인,사람인,155580,17460,2024-12-31
058430,포스코스틸리온,포스코스틸리온,47094,28900,2024-12-31
079430,현대리바트,현대리바트,302459,7630,2024-12-31
424960,스마트레이더시스템,스마트레이더시스템,310101,14370,2024-12-31
010100,한국무브넥스,한국무브넥스,414446,3095,2024-12-31
054950,제이브이엠,제이브이엠,84052,19060,2024-12-31
036830,솔브레인홀딩스,솔브레인홀딩스,40808,36100,2024-12-31
230240,에치에프알,에치에프알,122938,17740,2024-12-31
249420,일동제약,일동제약,58912,11770,2024-12-31
032500,케이엠더블유,케이엠더블유,115517,8780,2024-12-31
000520,삼일제약,삼일제약,192581,13150,2024-12-31
278280,천보,천보,41395,36350,2024-12-31
012030,DB,DB,1076564,1304,2024-12-31
080160,모두투어,모두투어,167226,9700,2024-12-31
000320,노루홀딩스,노루홀딩스,81894,12880,2024-12-31
091120,이엠텍,이엠텍,291285,28800,2024-12-31
404990,신한서부티엔디리츠,신한서부티엔디리츠,463836,3435,2024-12-31
111110,호전실업,호전실업,253249,7780,2024-12-31
004700,조광피혁,조광피혁,28098,54600,2024-12-31
001790,대한제당,대한제당,697150,2670,2024-12-31
448730,삼성FN리츠,삼성FN리츠,370767,4600,2024-12-31
130660,한전산업,한전산업,89747,9360,2024-12-31
272110,케이엔제이,케이엔제이,60939,13550,2024-12-31
019170,신풍제약,신풍제약,168968,10310,2024-12-31
014580,태경비케이,태경비케이,428080,4540,2024-12-31
026890,스틱인베스트먼트,스틱인베스트먼트,160498,8630,2024-12-31
023910,대한약품,대한약품,62755,26200,2024-12-31
054450,텔레칩스,텔레칩스,141664,12700,2024-12-31
117580,대성에너지,대성에너지,178195,8490,2024-12-31
016590,신대양제지,신대양제지,129254,5730,2024-12-31
003520,영진약품,영진약품,947772,1988,2024-12-31
377190,디앤디플랫폼리츠,디앤디플랫폼리츠,584420,2945,2024-12-31
002150,도화엔지니어링,도화엔지니어링,281781,6540,2024-12-31
003350,한국화장품제조,한국화장품제조,36353,51700,2024-12-31
033920,무학,무학,185846,6320,2024-12-31
314930,바이오다인,바이오다인,140699,16100,2024-12-31
015230,대창단조,대창단조,268623,4980,2024-12-31
001390,KG케미칼,KG케미칼,343146,3730,2024-12-31
099430,바이오플러스,바이오플러스,346587,7310,2024-12-31
002020,코오롱,코오롱,27379,14030,2024-12-31
006340,대원전선,대원전선,291202,2975,2024-12-31
161580,필옵틱스,필옵틱스,35956,18250,2024-12-31
001250,GS글로벌,GS글로벌,666562,2675,2024-12-31
060370,LS마린솔루션,LS마린솔루션,54550,12980,2024-12-31
001230,동국홀딩스,동국홀딩스,173048,7370,2024-12-31
405100,큐알티,큐알티,101325,11700,2024-12-31
336570,원텍,원텍,228122,4395,2024-12-31
078520,에이블씨엔씨,에이블씨엔씨,160682,6980,2024-12-31
003280,흥아해운,흥아해운,720245,1608,2024-12-31
123410,코리아에프티,코리아에프티,200944,4375,2024-12-31
226320,잇츠한불,잇츠한불,148160,10670,2024-12-31
058650,세아홀딩스,세아홀딩스,10485,95600,2024-12-31
030210,다올투자증권,다올투자증권,365098,3135,2024-12-31
063160,종근당바이오,종근당바이오,79440,22000,2024-12-31
452260,한화갤러리아,한화갤러리아,571589,1094,2024-12-31
228670,레이,레이,300281,5820,2024-12-31
011930,신성이엔지,신성이엔지,739507,1171,2024-12-31
052710,아모텍,아모텍,138146,3735,2024-12-31
100250,진양홀딩스,진양홀딩스,513814,2968,2024-12-31
071840,롯데하이마트,롯데하이마트,191590,7250,2024-12-31
226400,오스테오닉,오스테오닉,253655,6500,2024-12-31
037710,광주신세계,광주신세계,41152,28850,2024-12-31
046440,KG모빌리언스,KG모빌리언스,305595,4745,2024-12-31
054050,농우바이오,농우바이오,193635,7110,2024-12-31
092230,KPX홀딩스,KPX홀딩스,18968,52700,2024-12-31
004980,성신양회,성신양회,161878,7450,2024-12-31
005720,넥센,넥센,233198,4570,2024-12-31
000140,하이트진로홀딩스,하이트진로홀딩스,162917,9100,2024-12-31
102460,이연제약,이연제약,144702,12840,2024-12-31
001130,대한제분,대한제분,9963,126400,2024-12-31
007570,일양약품,일양약품,116239,11410,2024-12-31
060720,KH바텍,KH바텍,91946,8140,2024-12-31
015860,일진홀딩스,일진홀딩스,170566,3775,2024-12-31
044820,코스맥스비티아이,코스맥스비티아이,104690,8660,2024-12-31
228850,레이언스,레이언스,249207,6150,2024-12-31
019680,대교,대교,901845,2520,2024-12-31
000860,강남제비스코,강남제비스코,83329,12655,2024-12-31
194700,노바렉스,노바렉스,111165,7500,2024-12-31
234080,JW생명과학,JW생명과학,109514,10880,2024-12-31
007210,벽산,벽산,709265,1838,2024-12-31
179290,엠아이텍,엠아이텍,195801,8120,2024-12-31
432320,KB스타리츠,KB스타리츠,411128,3890,2024-12-31
004710,한솔테크닉스,한솔테크닉스,232891,4054,2024-12-31
013570,디와이,디와이,269768,3875,2024-12-31
317330,덕산테코피아,덕산테코피아,78122,29650,2024-12-31
003720,삼영,삼영,187930,3700,2024-12-31
048410,현대바이오,현대바이오,82897,7055,2024-12-31
003380,하림지주,하림지주,87411,5440,2024-12-31
016450,한세예스24홀딩스,한세예스24홀딩스,269632,4230,2024-12-31
123330,제닉,제닉,68287,22950,2024-12-31
108860,셀바스AI,셀바스AI,118804,11640,2024-12-31
095570,AJ네트웍스,AJ네트웍스,253599,4305,2024-12-31
293480,하나제약,하나제약,129580,10900,2024-12-31
210980,SK디앤디,SK디앤디,102484,7230,2024-12-31
037560,LG헬로비전,LG헬로비전,539775,2430,2024-12-31
222080,씨아이에스,씨아이에스,92173,7400,2024-12-31
001510,SK증권,SK증권,685642,463,2024-12-31
298690,에어부산,에어부산,698556,2300,2024-12-31
171090,선익시스템,선익시스템,9956,41650,2024-12-31
462520,조선내화,조선내화,84943,15460,2024-12-31
108490,로보티즈,로보티즈,4610,22641,2024-12-31
339770,교촌에프앤비,교촌에프앤비,269869,5460,2024-12-31
028100,동아지질,동아지질,67920,13560,2024-12-31
041830,인바디,인바디,37334,23200,2024-12-31
267290,경동도시가스,경동도시가스,51954,17700,2024-12-31
000540,흥국화재,흥국화재,237793,3670,2024-12-31
080220,제주반도체,제주반도체,26641,8920,2024-12-31
000020,동화약품,동화약품,190199,6300,2024-12-31
046890,서울반도체,서울반도체,116870,7300,2024-12-31
001780,알루코,알루코,542585,2005,2024-12-31
003070,코오롱글로벌,코오롱글로벌,114086,8810,2024-12-31
041190,우리기술투자,우리기술투자,158730,6920,2024-12-31
002100,경농,경농,121155,9000,2024-12-31
050890,쏠리드,쏠리드,146151,6640,2024-12-31
095720,웅진씽크빅,웅진씽크빅,1038783,1567,2024-12-31
010960,삼호개발,삼호개발,280182,3065,2024-12-31
011280,태림포장,태림포장,570837,1936,2024-12-31
008350,남선알미늄,남선알미늄,970081,1495,2024-12-31
271980,제일약품,제일약품,73829,11400,2024-12-31
004970,신라교역,신라교역,115166,9390,2024-12-31
114810,한솔아이원스,한솔아이원스,73037,6410,2024-12-31
001520,동양,동양,1221241,694,2024-12-31
101530,해태제과식품,해태제과식품,165116,6000,2024-12-31
086670,비엠티,비엠티,84493,7310,2024-12-31
101160,월덱스,월덱스,35853,16940,2024-12-31
086980,쇼박스,쇼박스,379379,3150,2024-12-31
138490,코오롱ENP,코오롱ENP,85528,5270,2024-12-31
365340,성일하이텍,성일하이텍,18620,35500,2024-12-31
263600,덕우전자,덕우전자,194759,4735,2024-12-31
011500,한농화성,한농화성,43583,13380,2024-12-31
089470,HDC현대EP,HDC현대EP,175925,3545,2024-12-31
007860,서연,서연,98584,6750,2024-12-31
014280,금강공업,금강공업,200807,3900,2024-12-31
006840,AK홀딩스,AK홀딩스,123965,9640,2024-12-31
002900,TYM,TYM,143107,4390,2024-12-31
285490,노바텍,노바텍,40762,14660,2024-12-31
007160,사조산업,사조산업,16847,34850,2024-12-31
081000,일진다이아,일진다이아,67594,10890,2024-12-31
172670,에이엘티,에이엘티,79579,9390,2024-12-31
170920,엘티씨,엘티씨,42598,8790,2024-12-31
043150,바텍,바텍,39493,18880,2024-12-31
096760,JW홀딩스,JW홀딩스,239421,3020,2024-12-31
236200,슈프리마,슈프리마,20254,24350,2024-12-31
263860,지니언스,지니언스,64800,9330,2024-12-31
005010,휴스틸,휴스틸,215614,3780,2024-12-31
004560,현대비앤지스틸,현대비앤지스틸,48361,11190,2024-12-31
036800,나이스정보통신,나이스정보통신,35852,17940,2024-12-31
000050,경방,경방,96101,6350,2024-12-31
186230,그린플러스,그린플러스,202727,7440,2024-12-31
068290,삼성출판사,삼성출판사,98315,14810,2024-12-31
378850,화승알앤에이,화승알앤에이,260766,3000,2024-12-31
003120,일성아이에스,일성아이에스,40424,15500,2024-12-31
084680,이월드,이월드,589072,1500,2024-12-31
370090,퓨런티어,퓨런티어,71779,26450,2024-12-31
120240,대정화금,대정화금,69051,12880,2024-12-31
085660,차바이오텍,차바이오텍,46562,10579,2024-12-31
092790,넥스틸,넥스틸,80643,7450,2024-12-31
033530,SJG세종,SJG세종,98615,3950,2024-12-31
282880,코윈테크,코윈테크,57120,12818,2024-12-31
253590,네오셈,네오셈,54361,8740,2024-12-31
070960,모나용평,모나용평,274187,3210,2024-12-31
179900,유티아이,유티아이,40297,26100,2024-12-31
025900,동화기업,동화기업,87842,8280,2024-12-31
009270,신원,신원,603933,1467,2024-12-31
001270,부국증권,부국증권,10738,27300,2024-12-31
000680,LS네트웍스,LS네트웍스,260727,2775,2024-12-31
092200,디아이씨,디아이씨,89932,3680,2024-12-31
160980,싸이맥스,싸이맥스,39230,8530,2024-12-31
000700,유수홀딩스,유수홀딩스,135706,5330,2024-12-31
039840,디오,디오,48909,16140,2024-12-31
007110,일신석재,일신석재,480534,2160,2024-12-31
092220,KEC,KEC,647205,780,2024-12-31
051500,CJ프레시웨이,CJ프레시웨이,25458,17460,2024-12-31
083420,그린케미칼,그린케미칼,135866,6830,2024-12-31
036540,SFA반도체,SFA반도체,114298,3085,2024-12-31
035000,HS애드,HS애드,93537,6340,2024-12-31
117730,티로보틱스,티로보틱스,35359,7530,2024-12-31
090470,제이스텍,제이스텍,106542,5140,2024-12-31
037270,YG PLUS,YG PLUS,125916,3615,2024-12-31
012610,경인양행,경인양행,184097,2715,2024-12-31
001460,BYC,BYC,15213,29500,2024-12-31
002460,HS화성,HS화성,56690,9690,2024-12-31
016710,대성홀딩스,대성홀딩스,81838,7030,2024-12-31
067900,와이엔텍,와이엔텍,106457,6130,2024-12-31
005950,이수화학,이수화학,85743,6100,2024-12-31
012320,경동인베스트,경동인베스트,8527,61000,2024-12-31
136490,선진,선진,61880,5640,2024-12-31
457550,우진엔텍,우진엔텍,27859,14090,2024-12-31
004140,동방,동방,253031,2165,2024-12-31
032190,다우데이타,다우데이타,29129,10160,2024-12-31
006220,제주은행,제주은행,49505,8530,2024-12-31
036010,아비코전자,아비코전자,90022,4490,2024-12-31
190510,나무가,나무가,35468,13220,2024-12-31
018470,조일알미늄,조일알미늄,606749,1395,2024-12-31
100700,세운메디칼,세운메디칼,285457,2465,2024-12-31
002450,삼익악기,삼익악기,599855,1165,2024-12-31
211270,AP위성,AP위성,42800,12630,2024-12-31
214390,경보제약,경보제약,119286,6220,2024-12-31
365590,하이딥,하이딥,294816,3273,2024-12-31
001380,SG글로벌,SG글로벌,452272,3320,2024-12-31
159010,아스플로,아스플로,126059,4190,2024-12-31
035600,KG이니시스,KG이니시스,61003,8840,2024-12-31
003580,HLB글로벌,HLB글로벌,339920,4080,2024-12-31
054210,이랜텍,이랜텍,61583,5100,2024-12-31
083310,엘오티베큠,엘오티베큠,50958,8350,2024-12-31
248170,샘표식품,샘표식품,23170,24750,2024-12-31
389260,대명에너지,대명에너지,35253,11300,2024-12-31
107590,미원홀딩스,미원홀딩스,9411,78300,2024-12-31
104460,디와이피엔에프,디와이피엔에프,44711,12900,2024-12-31
090850,현대이지웰,현대이지웰,101408,5190,2024-12-31
008040,사조동아원,사조동아원,604165,964,2024-12-31
008250,이건산업,이건산업,159875,5180,2024-12-31
002620,제일파마홀딩스,제일파마홀딩스,71574,7820,2024-12-31
083500,에프엔에스테크,에프엔에스테크,40345,8020,2024-12-31
234690,녹십자웰빙,녹십자웰빙,63258,10060,2024-12-31
084850,아이티엠반도체,아이티엠반도체,63674,12750,2024-12-31
100130,동국S&C,동국S&C,311668,2420,2024-12-31
014530,극동유화,극동유화,130511,3580,2024-12-31
267850,아시아나IDT,아시아나IDT,57477,12020,2024-12-31
004310,현대약품,현대약품,55385,3585,2024-12-31
009520,포스코엠텍,포스코엠텍,32448,11950,2024-12-31
270870,뉴트리,뉴트리,133633,5520,2024-12-31
389500,에스비비테크,에스비비테크,10479,18000,2024-12-31
079980,휴비스,휴비스,222055,2580,2024-12-31
007540,샘표,샘표,10019,37700,2024-12-31
389020,자람테크놀로지,자람테크놀로지,12973,46750,2024-12-31
382900,범한퓨얼셀,범한퓨얼셀,18558,12830,2024-12-31
317400,자이에스앤디,자이에스앤디,126154,3205,2024-12-31
310200,애니플러스,애니플러스,175116,2575,2024-12-31
045100,한양이엔지,한양이엔지,18125,16570,2024-12-31
036580,팜스코,팜스코,152092,2195,2024-12-31
060280,큐렉소,큐렉소,35193,6460,2024-12-31
128820,대성산업,대성산업,51628,3355,2024-12-31
004150,한솔홀딩스,한솔홀딩스,167016,2350,2024-12-31
008260,NI스틸,NI스틸,151400,3495,2024-12-31
378340,필에너지,필에너지,37603,13050,2024-12-31
012690,모나리자,모나리자,262844,2905,2024-12-31
020120,키다리스튜디오,키다리스튜디오,155254,3360,2024-12-31
016740,두올,두올,120535,3130,2024-12-31
010820,퍼스텍,퍼스텍,67104,2965,2024-12-31
042520,한스바이오메드,한스바이오메드,11110,8820,2024-12-31
123690,한국화장품,한국화장품,58041,6210,2024-12-31
079370,제우스,제우스,30470,11880,2024-12-31
007980,TP,TP,267979,1412,2024-12-31
025820,이구산업,이구산업,94154,3945,2024-12-31
274090,켄코아에어로스페이스,켄코아에어로스페이스,24602,9770,2024-12-31
111380,동인기연,동인기연,33141,18260,2024-12-31
004960,한신공영,한신공영,37409,6390,2024-12-31
067830,세이브존I&C,세이브존I&C,157328,2005,2024-12-31
002700,신일전자,신일전자,357782,1410,2024-12-31
014160,대영포장,대영포장,465468,1004,2024-12-31
094480,갤럭시아머니트리,갤럭시아머니트리,49908,7620,2024-12-31
058860,KTis,KTis,164114,2610,2024-12-31
078350,한양디지텍,한양디지텍,19749,8530,2024-12-31
095500,미래나노텍,미래나노텍,44421,7620,2024-12-31
030530,원익홀딩스,원익홀딩스,14366,2550,2024-12-31
461030,아이엠비디엑스,아이엠비디엑스,61383,10650,2024-12-31
089850,유비벨록스,유비벨록스,86799,6440,2024-12-31
010660,화천기계,화천기계,78769,2600,2024-12-31
002990,금호건설,금호건설,92611,2680,2024-12-31
001360,삼성제약,삼성제약,244722,1538,2024-12-31
058850,KTcs,KTcs,165523,2680,2024-12-31
045970,코아시아,코아시아,87630,3955,2024-12-31
003780,진양산업,진양산업,75579,8650,2024-12-31
353810,이지바이오,이지바이오,62385,4210,2024-12-31
041650,상신브레이크,상신브레이크,165660,2895,2024-12-31
024090,디씨엠,디씨엠,34846,11370,2024-12-31
032560,황금에스티,황금에스티,69895,4845,2024-12-31
011000,진원생명과학,진원생명과학,375657,2115,2024-12-31
013360,일성건설,일성건설,248492,3660,2024-12-31
003610,방림,방림,71911,4270,2024-12-31
139990,아주스틸,아주스틸,133129,3885,2024-12-31
012800,대창,대창,279138,1240,2024-12-31
002720,국제약품,국제약품,83033,5060,2024-12-31
034590,인천도시가스,인천도시가스,14595,24600,2024-12-31
001750,한양증권,한양증권,16107,11740,2024-12-31
016090,대현,대현,229737,2335,2024-12-31
005740,크라운해태홀딩스,크라운해태홀딩스,55984,5500,2024-12-31
011330,유니켐,유니켐,345958,1486,2024-12-31
120030,조선선재,조선선재,3720,95200,2024-12-31
011150,CJ씨푸드,CJ씨푸드,138298,2905,2024-12-31
005960,동부건설,동부건설,42609,3825,2024-12-31
453860,에이에스텍,에이에스텍,25505,18810,2024-12-31
064800,포니링크,포니링크,480158,1318,2024-12-31
004830,덕성,덕성,77086,6720,2024-12-31
100790,미래에셋벤처투자,미래에셋벤처투자,16536,4580,2024-12-31
011810,STX,STX,100351,4355,2024-12-31
003480,한진중공업홀딩스,한진중공업홀딩스,70433,3680,2024-12-31
009200,무림페이퍼,무림페이퍼,173381,2050,2024-12-31
002210,동성제약,동성제약,360816,2315,2024-12-31
143160,아이디스,아이디스,18779,16710,2024-12-31
063170,서울옥션,서울옥션,41532,6780,2024-12-31
007280,한국특강,한국특강,252336,1685,2024-12-31
010040,한국내화,한국내화,162941,2150,2024-12-31
023800,인지컨트롤스,인지컨트롤스,48262,5680,2024-12-31
008700,아남전자,아남전자,276191,1319,2024-12-31
006490,인스코비,인스코비,720306,1515,2024-12-31
005800,신영와코루,신영와코루,19900,9140,2024-12-31
118990,모트렉스,모트렉스,36754,9490,2024-12-31
396690,미래에셋글로벌리츠,미래에셋글로벌리츠,127948,2585,2024-12-31
078020,LS증권,LS증권,42824,3830,2024-12-31
064290,인텍플러스,인텍플러스,21894,10030,2024-12-31
389470,인벤티지랩,인벤티지랩,3504,21300,2024-12-31
000850,화천기공,화천기공,8194,26450,2024-12-31
047400,유니온머티리얼,유니온머티리얼,216594,2170,2024-12-31
084730,팅크웨어,팅크웨어,36727,8900,2024-12-31
446070,유니드비티플러스,유니드비티플러스,97404,3575,2024-12-31
134380,미원화학,미원화학,2767,78800,2024-12-31
397030,에이프릴바이오,에이프릴바이오,4397,16200,2024-12-31
004440,삼일씨엔에스,삼일씨엔에스,57148,3330,2024-12-31
153710,옵티팜,옵티팜,55880,4645,2024-12-31
017900,광전자,광전자,152186,1719,2024-12-31
372170,윤성에프앤씨,윤성에프앤씨,8955,35450,2024-12-31
056080,유진로봇,유진로봇,8748,6240,2024-12-31
475960,토모큐브,토모큐브,4363,15350,2024-12-31
000230,일동홀딩스,일동홀딩스,24951,8140,2024-12-31
002780,진흥기업,진흥기업,360042,795,2024-12-31
004060,SG세계물산,SG세계물산,434483,320,2024-12-31
005160,동국산업,동국산업,93592,4430,2024-12-31
010170,대한광통신,대한광통신,57199,818,2024-12-31
003830,대한화섬,대한화섬,2097,104700,2024-12-31
014940,오리엔탈정공,오리엔탈정공,35155,5210,2024-12-31
214330,금호에이치티,금호에이치티,517670,624,2024-12-31
004840,DRB동일,DRB동일,43650,4065,2024-12-31
299030,하나기술,하나기술,8871,17150,2024-12-31
058730,다스코,다스코,75791,2855,2024-12-31
004080,신흥,신흥,17656,14300,2024-12-31
055490,테이팩스,테이팩스,16001,12720,2024-12-31
417310,코람코더원리츠,코람코더원리츠,27018,4220,2024-12-31
306040,에스제이그룹,에스제이그룹,24900,4930,2024-12-31
014710,사조씨푸드,사조씨푸드,27184,4625,2024-12-31
011560,세보엠이씨,세보엠이씨,12593,10100,2024-12-31
061970,LB세미콘,LB세미콘,45664,3560,2024-12-31
092440,기신정기,기신정기,93509,2465,2024-12-31
227840,현대코퍼레이션홀딩스,현대코퍼레이션홀딩스,16661,10300,2024-12-31
017180,명문제약,명문제약,111294,1819,2024-12-31
150900,파수,파수,56230,4900,2024-12-31
163560,동일고무벨트,동일고무벨트,30161,6780,2024-12-31
011390,부산산업,부산산업,2483,74500,2024-12-31
013120,동원개발,동원개발,63655,2355,2024-12-31
073490,이노와이어리스,이노와이어리스,5557,20700,2024-12-31
051160,지어소프트,지어소프트,26453,8120,2024-12-31
001260,남광토건,남광토건,21830,7960,2024-12-31
122450,KX,KX,54248,3035,2024-12-31
067920,이글루,이글루,33084,5290,2024-12-31
006370,대구백화점,대구백화점,39430,5250,2024-12-31
013520,화승코퍼레이션,화승코퍼레이션,57463,1511,2024-12-31
013870,지엠비코리아,지엠비코리아,34057,3670,2024-12-31
003460,유화증권,유화증권,45828,2195,2024-12-31
072130,유엔젤,유엔젤,38168,6040,2024-12-31
024880,케이피에프,케이피에프,28309,3910,2024-12-31
323990,박셀바이오,박셀바이오,19466,10430,2024-12-31
086390,유니테스트,유니테스트,9417,8790,2024-12-31
023000,삼원강재,삼원강재,69758,2345,2024-12-31
155660,DSR,DSR,41571,3815,2024-12-31
089890,코세스,코세스,6250,6570,2024-12-31
065510,휴비츠,휴비츠,18266,8140,2024-12-31
000180,성창기업지주,성창기업지주,95718,1318,2024-12-31
004890,동일산업,동일산업,3901,39550,2024-12-31
068050,팬엔터테인먼트,팬엔터테인먼트,90962,2050,2024-12-31
001020,페이퍼코리아,페이퍼코리아,185619,836,2024-12-31
037070,파세코,파세코,17905,4765,2024-12-31
226330,신테카바이오,신테카바이오,42605,4393,2024-12-31
093240,형지엘리트,형지엘리트,126023,1793,2024-12-31
473980,노머스,노머스,7971,20600,2024-12-31
002360,SH에너지화학,SH에너지화학,297113,527,2024-12-31
290550,디케이티,디케이티,11733,7920,2024-12-31
355150,코스텍시스,코스텍시스,7776,5080,2024-12-31
068930,디지털대성,디지털대성,16110,6900,2024-12-31
023810,인팩,인팩,17315,5770,2024-12-31
217190,제너셈,제너셈,23299,4522,2024-12-31
004720,팜젠사이언스,팜젠사이언스,35396,4090,2024-12-31
036190,금화피에스시,금화피에스시,3897,24550,2024-12-31
025750,한솔홈데코,한솔홈데코,221042,643,2024-12-31
001560,제일연마,제일연마,12656,9140,2024-12-31
002760,보락,보락,112233,1086,2024-12-31
033640,네패스,네패스,7618,6550,2024-12-31
014440,영보화학,영보화학,27005,3560,2024-12-31
129260,인터지스,인터지스,50891,2415,2024-12-31
001550,조비,조비,8857,10500,2024-12-31
006090,사조오양,사조오양,14658,8050,2024-12-31
008420,문배철강,문배철강,57871,2320,2024-12-31
027970,한국제지,한국제지,150751,838,2024-12-31
021820,세원정공,세원정공,7257,7250,2024-12-31
003010,혜인,혜인,21872,4895,2024-12-31
002630,오리엔트바이오,오리엔트바이오,199886,1547,2024-12-31
075180,새론오토모티브,새론오토모티브,36732,3280,2024-12-31
012200,계양전기,계양전기,14495,1527,2024-12-31
007590,동방아그로,동방아그로,19466,6180,2024-12-31
011690,와이투솔루션,와이투솔루션,14870,2025,2024-12-31
004770,써니전자,써니전자,70852,2075,2024-12-31
006980,우성,우성,4959,14850,2024-12-31
004540,깨끗한나라,깨끗한나라,54410,2295,2024-12-31
256840,한국비엔씨,한국비엔씨,24072,4150,2024-12-31
017040,광명전기,광명전기,75012,1553,2024-12-31
000890,보해양조,보해양조,212841,488,2024-12-31
003060,에이프로젠바이오로직스,에이프로젠바이오로직스,333607,662,2024-12-31
006880,신송홀딩스,신송홀딩스,14832,6230,2024-12-31
051630,진양화학,진양화학,46101,3225,2024-12-31
119850,지엔씨에너지,지엔씨에너지,2781,8210,2024-12-31
347770,핌스,핌스,98597,1640,2024-12-31
014790,HL D&I,HL D&I,27725,2215,2024-12-31
372910,한컴라이프케어,한컴라이프케어,34773,3140,2024-12-31
225190,LK삼양,LK삼양,42227,2342,2024-12-31
000220,유유제약,유유제약,19953,4505,2024-12-31
125210,아모그린텍,아모그린텍,12384,5870,2024-12-31
069730,DSR제강,DSR제강,20638,3610,2024-12-31
124560,태웅로직스,태웅로직스,29212,2890,2024-12-31
000590,CS홀딩스,CS홀딩스,968,68900,2024-12-31
053450,세코닉스,세코닉스,15179,5440,2024-12-31
001080,만호제강,만호제강,1474,29650,2024-12-31
211050,인카금융서비스,인카금융서비스,5822,5610,2024-12-31
069460,대호에이엘,대호에이엘,140439,1281,2024-12-31
011090,에넥스,에넥스,163508,578,2024-12-31
023350,한국종합기술,한국종합기술,16431,5850,2024-12-31
009460,한창제지,한창제지,140876,713,2024-12-31
016880,웅진,웅진,35602,837,2024-12-31
078000,텔코웨어,텔코웨어,4087,9770,2024-12-31
026940,부국철강,부국철강,35101,2395,2024-12-31
000910,유니온,유니온,16208,5030,2024-12-31
950160,코오롱티슈진,코오롱티슈진,647,23250,2024-12-31
208140,정다운,정다운,24450,2665,2024-12-31
244920,에이플러스에셋,에이플러스에셋,4870,4410,2024-12-31
308170,씨티알모빌리티,씨티알모빌리티,11817,5930,2024-12-31
009180,한솔로지스틱스,한솔로지스틱스,20972,2080,2024-12-31
006660,삼성공조,삼성공조,4872,8890,2024-12-31
011420,갤럭시아에스엠,갤럭시아에스엠,34677,1930,2024-12-31
012280,영화금속,영화금속,55995,900,2024-12-31
010580,에스엠벡셀,에스엠벡셀,29542,1339,2024-12-31
004910,조광페인트,조광페인트,11462,5960,2024-12-31
465770,STX그린로지스,STX그린로지스,6984,7930,2024-12-31
014990,인디에프,인디에프,64215,915,2024-12-31
023450,동남합성,동남합성,1665,31700,2024-12-31
004870,티웨이홀딩스,티웨이홀딩스,123380,676,2024-12-31
133820,화인베스틸,화인베스틸,31548,916,2024-12-31
001620,케이비아이동국실업,케이비아이동국실업,46787,487,2024-12-31
182400,엔케이맥스,엔케이맥스,9375,3670,2024-12-31
350520,이지스레지던스리츠,이지스레지던스리츠,8886,3830,2024-12-31
216080,제테마,제테마,3399,7755,2024-12-31
002920,유성기업,유성기업,13532,1849,2024-12-31
001290,상상인증권,상상인증권,23770,425,2024-12-31
016790,현대사료,현대사료,29337,994,2024-12-31
950140,잉글우드랩,잉글우드랩,2311,6820,2024-12-31
078130,국일제지,국일제지,92374,800,2024-12-31
074610,이엔플러스,이엔플러스,5068,10200,2024-12-31
004450,삼화왕관,삼화왕관,847,30500,2024-12-31
100220,비상교육,비상교육,4669,4310,2024-12-31
044380,주연테크,주연테크,66446,302,2024-12-31
101140,인바이오젠,인바이오젠,2457,11700,2024-12-31
300080,플리토,플리토,1819,6020,2024-12-31
481850,신한글로벌액티브리츠,신한글로벌액티브리츠,17762,2030,2024-12-31
166480,코아스템켐온,코아스템켐온,7008,3317,2024-12-31
009770,삼정펄프,삼정펄프,460,25600,2024-12-31
088790,진도,진도,7071,1651,2024-12-31
005320,온타이드,온타이드,27813,425,2024-12-31
000950,전방,전방,312,18440,2024-12-31
019180,티에이치엔,티에이치엔,1471,3160,2024-12-31
338100,NH프라임리츠,NH프라임리츠,2012,4050,2024-12-31
005820,원림,원림,415,12600,2024-12-31
010770,평화홀딩스,평화홀딩스,1128,2525,2024-12-31
007610,선도전기,선도전기,1490,3000,2024-12-31
023150,MH에탄올,MH에탄올,1024,5550,2024-12-31
322780,코퍼스코리아,코퍼스코리아,11114,764,2024-12-31
027740,마니커,마니커,4087,825,2024-12-31
143210,핸즈코퍼레이션,핸즈코퍼레이션,2246,1832,2024-12-31
118000,메타케어,메타케어,2895,282,2024-12-31
